{"cameraMode":{"drawMode":0,"name":"Shaded","section":"Shading Mode"},"sceneLighting":true,"audioPlay":false,"sceneViewState":{"m_AlwaysRefresh":false,"showFog":true,"showSkybox":true,"showFlares":true,"showImageEffects":true,"showParticleSystems":true,"showVisualEffectGraphs":true,"m_FxEnabled":true},"in2DMode":false,"pivot":{"x":-2.570194959640503,"y":0.8013619184494019,"z":41.744773864746097},"rotation":{"x":-0.3302673101425171,"y":-0.053713902831077579,"z":0.019522586837410928,"w":-0.9427325129508972},"size":1.2935916185379029,"orthographic":false}