{"cameraMode":{"drawMode":0,"name":"Shaded","section":"Shading Mode"},"sceneLighting":true,"audioPlay":false,"sceneViewState":{"m_AlwaysRefresh":false,"showFog":true,"showSkybox":true,"showFlares":true,"showImageEffects":true,"showParticleSystems":true,"showVisualEffectGraphs":true,"m_FxEnabled":true},"in2DMode":false,"pivot":{"x":-294.80694580078127,"y":-113.9786376953125,"z":620.1318969726563},"rotation":{"x":-0.0965244472026825,"y":0.22339823842048646,"z":-0.021652894094586374,"w":-0.9705033898353577},"size":448.43157958984377,"orthographic":false}